Universities,Keywords,Links
https://www.gatech.edu,academic program school college admission ,"https://www.gatech.edu/academics-education
https://www.gatech.edu/academics/all-degree-programs
https://www.gatech.edu/academics/colleges-and-schools
https://www.gatech.edu/admission
https://admission.gatech.edu/visit
https://www.gatech.edu/admissions
http://www.linkedin.com/edu/school?id=18158&trk=tyah
http://admission.gatech.edu/visit
http://admission.gatech.edu/visit/directions-and-parking
https://gatech.bncollege.com
https://gatech.edu/admissions
"
https://umich.edu,school college academic program ,"https://umich.edu/schools-colleges
https://umich.edu/academics
https://campusblueprint.umich.edu/testing-monitoring/sampling-tracking-program
http://www.linkedin.com/edu/school?id=18633&trk=edu-ca-head-title
"
https://www.cornell.edu,admission school academic college program ,"https://www.cornell.edu/admissions
http://admissions.cornell.edu/apply
http://admissions.cornell.edu/apply/application-deadlines
http://admissions.cornell.edu/costs-aid
http://www.gradschool.cornell.edu/admissions
https://gradschool.cornell.edu/degrees-fields/cugradfos
https://gradschool.cornell.edu/financial-support
https://www.cornell.edu/academics
https://www.cornell.edu/academics/fields.cfm
https://www.cornell.edu/academics/colleges.cfm
https://www.cornell.edu/academics/departments.cfm
https://www.cornell.edu/academics/library.cfm
https://www.cornell.edu/academics/continuing.cfm
https://registrar.cornell.edu/academic-calendar
http://www.gradschool.cornell.edu/academics/research-and-scholarship
https://news.cornell.edu/stories/2020/10/cce-helps-buffalo-get-school-food-truck-rolling
http://newstudentprograms.cornell.edu/Tatkon
https://news.cornell.edu/stories/2022/01/collegetown-mural-memorializes-loved-ones-lost-illness
https://www.cornell.edu/academics/calendar
https://news.cornell.edu/stories/2022/01/qa-dr-michelle-moyal-veterinary-college
"
https://www.cmu.edu,academic program admission ,"https://www.cmu.edu/academics/index.html
https://www.cmu.edu/academics/interdisciplinary-programs.html
https://www.cmu.edu/academics/learning-for-a-lifetime.html
https://www.cmu.edu/student-admission/index.html
https://www.cmu.edu/admission
http://www.cmu.edu/graduate/admissions
"
https://www.columbia.edu,admission academic school college ,"https://www.columbia.edu/content/admissions
https://www.columbia.edu/content/academics
https://www.linkedin.com/school/2624
https://www.registrar.columbia.edu/event/academic-calendar
https://www.columbia.edu/content/statistics-and-facts
https://ddc.college.columbia.edu
"
https://www.usc.edu,academic admission school college program ,"http://about.usc.edu/administration/academic-deans
http://admission.usc.edu
https://academics.usc.edu
https://www.marshall.usc.edu/leventhal-school-accounting
https://viterbischool.usc.edu
http://pharmacyschool.usc.edu
http://bovardcollege.usc.edu
http://priceschool.usc.edu
http://graduateschool.usc.edu
https://online.usc.edu
https://precollege.usc.edu
http://www.keckmedicine.org/medical-services-and-programs
http://academics.usc.edu/calendar
https://www.linkedin.com/school/3084
"
https://www.duke.edu,admission school academic program college ,"https://admissions.duke.edu
https://admissions.duke.edu
https://admissions.duke.edu/visit
https://admissions.duke.edu/apply
https://admissions.duke.edu/financial-support
https://admissions.duke.edu/parents
https://admissions.duke.edu/counselors
https://admissions.duke.edu/resources-tools
https://admissions.duke.edu/faqs
https://dukekunshan.edu.cn/en/undergraduate-admissions-china
https://gradschool.duke.edu
https://gradschool.duke.edu/academics/programs-degrees
https://divinity.duke.edu/admissions
https://www.fuqua.duke.edu/programs
https://medschool.duke.edu/education/student-services/office-admissions
https://nursing.duke.edu/academic-programs
https://nicholas.duke.edu/admissions
https://www.duke-nus.edu.sg/admissions
https://npc.collegeboard.org/app/duke
https://nicholas.duke.edu/academics/undergraduate-programs
https://admissions.duke.edu/academic-possibilities
https://admissions.duke.edu/academic-life
https://admissions.duke.edu/beyond-campus
https://divinity.duke.edu/academics
https://medschool.duke.edu/education/degree-programs-and-admissions
https://academiccouncil.duke.edu
https://medschool.duke.edu/research/research-support-offices/office-research-administration
https://global.duke.edu/programs
https://global.duke.edu/academics
https://danceprogram.duke.edu
https://admissions.duke.edu/durham
"
https://www.jhu.edu,admission program academic school ,"https://www.jhu.edu/admissions
https://www.jhu.edu/admissions/visit
https://e-catalogue.jhu.edu/programs
https://www.jhu.edu/academics/#!/bachelors
https://www.jhu.edu/academics/graduate-studies
https://www.jhu.edu/admissions/tuition
https://www.jhu.edu/admissions/financial-aid
https://www.jhu.edu/academics/undergraduate-studies
https://www.jhu.edu/academics/online
https://www.jhu.edu/academics/part-time-programs
https://www.jhu.edu/academics/summer-programs
https://www.jhu.edu/academics/calendars
https://www.jhu.edu/schools
https://www.jhu.edu/admissions/graduate-admissions
"
https://www.upenn.edu,academic school admission college ,"https://www.upenn.edu/academics
https://www.upenn.edu/academics/undergraduate
https://www.upenn.edu/academics/graduate
https://www.upenn.edu/academics/schools
https://www.upenn.edu/academics/global-initiatives
https://www.upenn.edu/academics/interdisciplinary
https://www.upenn.edu/academics/online-learning
https://www.upenn.edu/academics/off-campus-learning
https://www.upenn.edu/admissions
https://penntoday.upenn.edu/news/building-years-success-penn-and-lea-school-formalize-partnership
https://penntoday.upenn.edu/news/penn-alumni-student-mentor-support-intern
"
https://www.northwestern.edu,academic admission program school college ,"http://planitpurple.northwestern.edu/calendar/academic_calendar
https://www.northwestern.edu/academics/index.html
https://admissions.northwestern.edu/academics/majors-minors/index.html
https://www.northwestern.edu/academics/graduate-a-to-z.html
https://www.northwestern.edu/academics/professional-studies-a-to-z.html
https://www.northwestern.edu/academics/short-courses.html
https://www.northwestern.edu/academics/pre-collegiate-programs.html
https://www.northwestern.edu/academics/colleges-and-schools.html
https://www.northwestern.edu/admissions/index.html
https://www.northwestern.edu/admissions/graduate-admissions.html
https://www.northwestern.edu/admissions/financial-aid-offices.html
https://news.northwestern.edu/stories/2022/01/dan-p-mcadams-named-interim-dean-of-northwesterns-school-of-education-and-social-policy
https://www.northwestern.edu/diversity/resources/academic-programs-and-centers/index.html
https://www.globalhealthstudies.northwestern.edu/academic-programs/requirements.html
https://www.northwestern.edu/abroad/study-abroad/explore-programs/index.html
https://www.northwestern.edu/abroad/study-abroad/get-started/program-types/gesi.html
http://www.nusports.com
"
https://www.rice.edu,school academic admission program college ,"https://www.linkedin.com/edu/school?id=19472
https://www.rice.edu/academics
https://business.rice.edu/?utm_medium=cpc&utm_source=website&utm_campaign=july-web-track-academics
https://www.rice.edu/admission-aid
https://admission.rice.edu
https://admission.rice.edu/visit
https://admission.rice.edu/apply
https://graduate.rice.edu/programsofstudy
https://business.rice.edu/rice-business-executive-education?utm_medium=cpc&utm_source=website&utm_campaign=july-web-track-admissions
https://dou.rice.edu/residential-colleges
"
https://www.ucla.edu,admission academic program school college ,"https://www.ucla.edu/admission
https://www.ucla.edu/admission/undergraduate-admission
https://admission.ucla.edu/tuition-aid/tuition-fees
https://admission.ucla.edu/tuition-aid/financial-aid-and-scholarships
http://www.admission.ucla.edu/tours.htm
https://www.ucla.edu/admission/graduate-admission
https://grad.ucla.edu/admissions/visiting-ucla
https://www.ucla.edu/admission/international-applicants
https://www.ucla.edu/academics
https://www.ucla.edu/academics/programs-and-majors
https://www.ucla.edu/academics/college-and-schools
https://www.ucla.edu/academics/undergraduate-education
https://www.ucla.edu/academics/graduate-and-professional-education
https://www.ucla.edu/academics/continuing-education
https://www.ucla.edu/academics/libraries
https://registrar.ucla.edu/calendars/academic-calendar
https://grad.ucla.edu/academics/research
https://admission.ucla.edu/explore/research
https://www.linkedin.com/school/ucla
"
